--preencher tabelas
INSERT INTO container VALUES('XhUdK',2345,7,950,500,25000,34,'20G0','Certificados','Reparar','Not Refrigerated','Brinquedos');
INSERT INTO container VALUES('I_htQ',2235,6,950,500,25000,34,'20G0','Certificados','Reparar','Not Refrigerated','Brinquedos');
INSERT INTO container VALUES('JJtSV',2955,5,950,500,25000,34,'20G0','Certificados','NotRepair','Not Refrigerated','Tecnologia');
INSERT INTO container VALUES('eHt0V',2945,6,950,500,25000,34,'20G0','Certificados','Reparar','Not Refrigerated','Tecnologia');
INSERT INTO container VALUES('4JAVW',2845,7,950,500,25000,34,'20H0','Certificados','NotRepair','Refrigerated','Comida');
INSERT INTO container VALUES('04D9w',2245,8,950,500,25000,34,'20H0','Certificados','Reparar','Refrigerated','Comida');
INSERT INTO container VALUES('zYc1D',2745,4,950,500,25000,34,'20G0','Certificados','Reparar','Not Refrigerated','Tecnologia');
INSERT INTO container VALUES('qUpuM',2645,2,950,500,25000,34,'20H0','Certificados','NotRepair','Refrigerated','Comida');
INSERT INTO container VALUES('PWQdy',2445,3,950,500,25000,34,'20G0','Certificados','Reparar','Not Refrigerated','Tecnologia');
INSERT INTO container VALUES('Qg3Uk',2155,5,950,500,25000,34,'20H0','Certificados','NotRepair','Refrigerated','Tecnologia');
INSERT INTO container VALUES('Hj5F2',2336,7,950,500,25000,34,'20G0','Certificados','Reparar','Not Refrigerated','Brinquedos');
INSERT INTO container VALUES('JOalw',2337,6,950,500,25000,34,'20G0','Certificados','Reparar','Not Refrigerated','Brinquedos');
INSERT INTO container VALUES('YaS1e',2338,5,950,500,25000,34,'20G0','Certificados','NotRepair','Not Refrigerated','Tecnologia');
INSERT INTO container VALUES('UWem2',2339,6,950,500,25000,34,'20G0','Certificados','Reparar','Not Refrigerated','Tecnologia');
INSERT INTO container VALUES('asOoK',2340,7,950,500,25000,34,'20H0','Certificados','NotRepair','Refrigerated','Comida');
INSERT INTO container VALUES('msbdA',2341,8,950,500,25000,34,'20H0','Certificados','Reparar','Refrigerated','Comida');
INSERT INTO container VALUES('ub-jK',2342,4,950,500,25000,34,'20G0','Certificados','Reparar','Not Refrigerated','Tecnologia');
INSERT INTO container VALUES('bKORg',2343,2,950,500,25000,34,'20H0','Certificados','NotRepair','Refrigerated','Comida');
INSERT INTO container VALUES('RUPRZ',2344,3,950,500,25000,34,'20G0','Certificados','Reparar','Not Refrigerated','Tecnologia');
INSERT INTO container VALUES('G49kr',2345,5,950,500,25000,34,'20H0','Certificados','NotRepair','Refrigerated','Tecnologia');
INSERT INTO container VALUES('lPVOG',2346,7,950,500,25000,34,'20G0','Certificados','Reparar','Not Refrigerated','Brinquedos');
INSERT INTO container VALUES('lMgl2',2347,6,950,500,25000,34,'20G0','Certificados','Reparar','Not Refrigerated','Brinquedos');
INSERT INTO container VALUES('iALid',2348,5,950,500,25000,34,'20G0','Certificados','NotRepair','Not Refrigerated','Tecnologia');
INSERT INTO container VALUES('_F2Th',2349,6,950,500,25000,34,'20G0','Certificados','Reparar','Not Refrigerated','Tecnologia');
INSERT INTO container VALUES('NvYT4',2350,7,950,500,25000,34,'20H0','Certificados','NotRepair','Refrigerated','Comida');
INSERT INTO container VALUES('VkiGc',2351,8,950,500,25000,34,'20H0','Certificados','Reparar','Refrigerated','Comida');
INSERT INTO container VALUES('n4V7_',2352,4,950,500,25000,34,'20G0','Certificados','Reparar','Not Refrigerated','Tecnologia');
INSERT INTO container VALUES('dz-eA',2353,2,950,500,25000,34,'20H0','Certificados','NotRepair','Refrigerated','Comida');
INSERT INTO container VALUES('yE2p8',2354,3,950,500,25000,34,'20G0','Certificados','Reparar','Not Refrigerated','Tecnologia');
INSERT INTO container VALUES('MPwNr',2355,5,950,500,25000,34,'20H0','Certificados','NotRepair','Refrigerated','Tecnologia');
INSERT INTO container VALUES('oPiY4',2356,7,950,500,25000,34,'20G0','Certificados','Reparar','Not Refrigerated','Brinquedos');
INSERT INTO container VALUES('1WSt0',2357,6,950,500,25000,34,'20G0','Certificados','Reparar','Not Refrigerated','Brinquedos');
INSERT INTO container VALUES('Ftm6p',2358,5,950,500,25000,34,'20G0','Certificados','NotRepair','Not Refrigerated','Tecnologia');
INSERT INTO container VALUES('WLWeP',2359,6,950,500,25000,34,'20G0','Certificados','Reparar','Not Refrigerated','Tecnologia');
INSERT INTO container VALUES('qLuaQ',2360,7,950,500,25000,34,'20H0','Certificados','NotRepair','Refrigerated','Comida');
INSERT INTO container VALUES('-QEe_',2361,8,950,500,25000,34,'20H0','Certificados','Reparar','Refrigerated','Comida');
INSERT INTO container VALUES('PnKoq',2362,4,950,500,25000,34,'20G0','Certificados','Reparar','Not Refrigerated','Tecnologia');
INSERT INTO container VALUES('vcKzO',2363,2,950,500,25000,34,'20H0','Certificados','NotRepair','Refrigerated','Comida');
INSERT INTO container VALUES('HwM1B',2364,3,950,500,25000,34,'20G0','Certificados','Reparar','Not Refrigerated','Tecnologia');
INSERT INTO container VALUES('ET7Yy',2365,5,950,500,25000,34,'20H0','Certificados','NotRepair','Refrigerated','Tecnologia');
INSERT INTO container VALUES('aTdq6',2366,7,950,500,25000,34,'20G0','Certificados','Reparar','Not Refrigerated','Brinquedos');
INSERT INTO container VALUES('V11pj',2367,6,950,500,25000,34,'20G0','Certificados','Reparar','Not Refrigerated','Brinquedos');
INSERT INTO container VALUES('y-GNU',2368,5,950,500,25000,34,'20G0','Certificados','NotRepair','Not Refrigerated','Tecnologia');
INSERT INTO container VALUES('53wj7',2369,6,950,500,25000,34,'20G0','Certificados','Reparar','Not Refrigerated','Tecnologia');
INSERT INTO container VALUES('IcwFm',2370,7,950,500,25000,34,'20H0','Certificados','NotRepair','Refrigerated','Comida');
INSERT INTO container VALUES('FMT1-',2371,8,950,500,25000,34,'20H0','Certificados','Reparar','Refrigerated','Comida');
INSERT INTO container VALUES('1Hfbv',2372,4,950,500,25000,34,'20G0','Certificados','Reparar','Not Refrigerated','Tecnologia');
INSERT INTO container VALUES('lPmGJ',2373,2,950,500,25000,34,'20H0','Certificados','NotRepair','Refrigerated','Comida');
INSERT INTO container VALUES('NUh1j',2374,3,950,500,25000,34,'20G0','Certificados','Reparar','Not Refrigerated','Tecnologia');
INSERT INTO container VALUES('_NiME',2375,5,950,500,25000,34,'20H0','Certificados','NotRepair','Refrigerated','Tecnologia');
INSERT INTO container VALUES('1LFRX',2376,7,950,500,25000,34,'20H0','Certificados','NotRepair','Refrigerated','Comida');
INSERT INTO container VALUES('bF8uF',2377,8,950,500,25000,34,'20H0','Certificados','Reparar','Refrigerated','Comida');
INSERT INTO container VALUES('4pDhn',2378,4,950,500,25000,34,'20G0','Certificados','Reparar','Not Refrigerated','Tecnologia');
INSERT INTO container VALUES('rZif5',2379,2,950,500,25000,34,'20H0','Certificados','NotRepair','Refrigerated','Comida');
INSERT INTO container VALUES('ZWSjX',2370,3,950,500,25000,34,'20G0','Certificados','Reparar','Not Refrigerated','Tecnologia');

--insert ships
begin 
    insertShip('0B0-X_rZctTr1-LtowOZ','SEOUL EXPRESS','211331640','IMO9193305',0,0,'DHBN',70,294,32,20,13.6);
    insertShip('5YXolNZ43TI7Hhtt_h0X','NORTHERN JAVELIN','255806169','IMO9465095',0,0,'CQAG7',71,333,43,10,12.6);
    insertShip('0MUJFQmAlD0kV6F8xfU0','NORDBALTIC','255806194','IMO9241475',0,0,'CQAJ8',71,207,30,30,9);
    insertShip('jy2MbBkDJ6sT2RxhDYww','SEA DOLPHIN C','255806239','IMO9486427',0,0,'CQAP5',70,181,30,50,9.1);
    insertShip('LAF_HpVZZ5_ANVtRTW28','SPAR DRACO','257799000','IMO9299305',0,0,'LAFO6',70,189,32,32,12.5);
    insertShip('nVv8-NcoXPK6tuGfIC8Y','COLUMBIA LANE','303296000','IMO6604810',0,0,'WDJ5683',31,36,9,14,4.9);
    insertShip('1syEcMP4jEsLZYM9HKze','PRESIDENT EISENHOWER','303352000','IMO9295220',0,0,'KPES',79,298,42,40,12);
    insertShip('Bup3Hw0eOATvZoI1iyRs','DODGE ISLAND','303589000','IMO7917800',0,0,'WDB4450',90,85,15,23,5.4);
    insertShip('46vb3x7u8lxZ4sXpS3zx','RUBY PRINCESS','310567000','IMO9378462',0,0,'ZCDY2',60,288,36,33,8.5);
    insertShip('_B-UICN-kFwe3ZTFrGjX','CSL TECUMSEH','311056900','IMO9600994',0,0,'C6ZJ6',70,228,32,50,13.5);
end;
/
--insert users
INSERT INTO users VALUES('YLHvi','client123', 'ASd1sf2','Client');
INSERT INTO users VALUES('dOr1A','fleet123', 'Mlknl1s8','Fleet manager');
INSERT INTO users VALUES('YjF3x','traffic123', 'o2k1sfd','Traffic manager');
INSERT INTO users VALUES('1dim7','warehouse_staff123', 'xuh123xup','Warehouse staff');
INSERT INTO users VALUES('N7I3i','warehouse_man123', 'xdf123xup','Warehouse manager');
INSERT INTO users VALUES('wuQta','port_staff123', 'xasdasd2','Port staff');
INSERT INTO users VALUES('3mIrj','port_man123', 'asf23vgg','Port manager');
INSERT INTO users VALUES('vXGon','ship_cap123', 'ashb2423','Ship Captain');
INSERT INTO users VALUES('25gkM','ship_eletric_eng123', 'jdgf314y','ShipChief electrical');
INSERT INTO users VALUES('5uLln','truck_driver123', 'k6uifgn5','Truck driver');
INSERT INTO users VALUES('PrjQP','client2_123', 'as12AS1j','Client');
INSERT INTO users VALUES('GU9dh','client3_123', 'PKLJi2ca','Client');

--insert clients
INSERT INTO client VALUES('4nTLI','YLHvi','Joaquim Malheiro','Rua dos tojos','911876789');
INSERT INTO client VALUES('48osR','PrjQP','Francisco Sousa','Avenida da Republica','912134678');
INSERT INTO client VALUES('Vv1LP','GU9dh','Filipe Costouras','Avenida Feyzin','911823123');

--insert countries
INSERT INTO country VALUES('UEmC7','Europe','CY','CYP','Cyprus',0.85,'Nicosia',35.16666667,33.366667);
INSERT INTO country VALUES('grMZQ','Europe','MT','MLT','Malta',0.44,'Valletta',35.88333333,14.5);
INSERT INTO country VALUES('uFlKk','Europe','GR','GRC','Greece',10.76,'Athens',37.98333333,23.733333);
INSERT INTO country VALUES('VEvu7','Europe','PT','PRT','Portugal',10.31,'Lisbon',38.71666667,-9.133333);
INSERT INTO country VALUES('363KT','Europe','TR','TUR','Turkey',79.81,'Ankara',39.93333333,32.866667);
INSERT INTO country VALUES('qEiQN','Europe','AM','ARM','Armenia',3.01,'Yerevan',40.16666667,44.5);
INSERT INTO country VALUES('paXV_','Europe','ES','ESP','Spain',46.53,'Madrid',40.4,-3.683333);
INSERT INTO country VALUES('sBf9v','Europe','AL','ALB','Albania',2.88,'Tirana',41.31666667,19.816667);
INSERT INTO country VALUES('_4jdQ','Europe','GE','GEO','Georgia',3.71,'Tbilisi',41.68333333,44.833333);
INSERT INTO country VALUES('7Bohq','Europe','IT','ITA','Italy',60.59,'Rome',41.9,12.483333);
INSERT INTO country VALUES('aNys1','Europe','MK','MKD','Macedonia',2.07,'Skopje',42,21.433333);
INSERT INTO country VALUES('AMJKC','Europe','ME','MNE','Montenegro',0.62,'Podgorica',42.43333333,19.266667);
INSERT INTO country VALUES('79ikg','Europe','KO','KOS','Kosovo',1.77,'Pristina',42.66666667,21.166667);
INSERT INTO country VALUES('GeHZ7','Europe','BG','BGR','Bulgaria',7.1,'Sofia',42.68333333,23.316667);
INSERT INTO country VALUES('hqIwv','Europe','MC','MCO','Monaco',0.04,'Monaco',43.73333333,7.416667);
INSERT INTO country VALUES('hsRMc','Europe','BA','BIH','Bosnia',3.75,'Sarajevo',43.86666667,18.416667);
INSERT INTO country VALUES('1f4oA','Europe','RO','ROU','Romania',19.64,'Bucharest',44.43333333,26.1);
INSERT INTO country VALUES('hhjJd','Europe','RS','SRB','Serbia',7.04,'Belgrade',44.83333333,20.5);
INSERT INTO country VALUES('JgQNl','Europe','HR','HRV','Croatia',4.15,'Zagreb',45.8,16);
INSERT INTO country VALUES('-G7kh','Europe','SI','SVN','Slovenia',2.06,'Ljubljana',46.05,14.516667);
INSERT INTO country VALUES('3jlAB','Europe','CH','CHE','Switzerland',8.42,'Bern',46.91666667,7.466667);
INSERT INTO country VALUES('4-Dwc','Europe','MD','MDA','Moldova',3.55,'Chisinau',47,28.85);
INSERT INTO country VALUES('QDZ_x','Europe','LI','LIE','Liechtenstein',0.04,'Vaduz',47.13333333,9.516667);
INSERT INTO country VALUES('ah1pz','Europe','HU','HUN','Hungary',9.8,'Budapest',47.5,19.083333);
INSERT INTO country VALUES('wTJQT','Europe','SK','SVK','Slovakia',5.44,'Bratislava',48.15,17.116667);
INSERT INTO country VALUES('nVT7j','Europe','AT','AUT','Austria',8.77,'Vienna',48.2,16.366667);
INSERT INTO country VALUES('3FIw5','Europe','FR','FRA','France',66.99,'Paris',48.86666667,2.333333);
INSERT INTO country VALUES('DANB8','Europe','LU','LUX','Luxembourg',0.59,'Luxembourg',49.6,6.116667);
INSERT INTO country VALUES('87Xju','Europe','CZ','CZE','Czech Republic',10.57,'Prague',50.08333333,14.466667);
INSERT INTO country VALUES('LWMqv','Europe','UA','UKR','Ukraine',42.59,'Kyiv',50.43333333,30.516667);
INSERT INTO country VALUES('4u31W','Europe','BE','BEL','Belgium',11.37,'Brussels',50.83333333,4.333333);
INSERT INTO country VALUES('hiBES','Europe','GB','GBR','United Kingdom',65.81,'London',51.5,-0.083333);
INSERT INTO country VALUES('ZYvyC','Europe','PL','POL','Poland',38.42,'Warsaw',52.25,21);
INSERT INTO country VALUES('aRHec','Europe','NL','NLD','Netherlands',17.08,'Amsterdam',52.35,4.916667);
INSERT INTO country VALUES('aG_4F','Europe','DE','DEU','Germany',82.8,'Berlin',52.51666667,13.4);
INSERT INTO country VALUES('mS6o4','Europe','IE','IRL','Ireland',4.77,'Dublin',53.31666667,-6.233333);
INSERT INTO country VALUES('dJuW2','Europe','BY','BLR','Belarus',9.48,'Minsk',53.9,27.566667);
INSERT INTO country VALUES('0GtUw','Europe','LT','LTU','Lithuania',2.85,'Vilnius',54.68333333,25.316667);
INSERT INTO country VALUES('WaLBK','Europe','DK','DNK','Denmark',5.75,'Copenhagen',55.66666667,12.583333);
INSERT INTO country VALUES('ev6Q9','Europe','RU','RUS','Russia',146.5,'Moscow',55.75,37.6);
INSERT INTO country VALUES('xdTfN','Europe','LV','LVA','Latvia',1.98,'Riga',56.95,24.1);
INSERT INTO country VALUES('u5hpt','Europe','SE','SWE','Sweden',10,'Stockholm',59.33333333,18.05);
INSERT INTO country VALUES('UOss6','Europe','EE','EST','Estonia',1.32,'Tallinn',59.43333333,24.716667);
INSERT INTO country VALUES('X77hD','Europe','NO','NOR','Norway',5.26,'Oslo',59.91666667,10.75);
INSERT INTO country VALUES('3TwRO','Europe','FI','FIN','Finland',5.5,'Helsinki',60.16666667,24.933333);
INSERT INTO country VALUES('mQ1Xl','Europe','IS','ISL','Iceland',0.34,'Reykjavik',64.15,-21.95);
INSERT INTO country VALUES('WSaGa','America','MX','MEX','Mexico',128.9,'Mexico City',19.43333333,-99.133333);
INSERT INTO country VALUES('Rbh8R','America','CA','CAN','Canada',37.7,'Ottawa',45.41666667,-75.7);
INSERT INTO country VALUES('-W19o','America','US','USA','United States',331,'Washington',38.89511,-77.03637);
INSERT INTO country VALUES('I9R3Q','America','PA','PAN','Panama',4.3,'Panama City',8.966666667,-79.533333);
INSERT INTO country VALUES('fW6-f','America','CR','CRI','Costa Rica',5.1,'San Jose',9.933333333,-84.083333);
INSERT INTO country VALUES('wz9uV','America','NI','NIC','Nicaragua',6.6,'Managua',12.13333333,-86.25);
INSERT INTO country VALUES('GcnHN','America','SV','SLV','El Salvador',6.48,'San Salvador',13.7,-89.2);
INSERT INTO country VALUES('Qg6dM','America','HN','HND','Honduras',9.9,'Tegucigalpa',14.1,-87.216667);
INSERT INTO country VALUES('3r2fY','America','GT','GTM','Guatemala',17.91,'Guatemala City',14.61666667,-90.516667);
INSERT INTO country VALUES('O4Vnq','America','BZ','BLZ','Belize',397.6,'Belmopan',17.25,-88.766667);
INSERT INTO country VALUES('whQUm','America','UY','URY','Uruguay',3.35,'Montevideo',-34.85,-56.166667);
INSERT INTO country VALUES('nLcHh','America','AR','ARG','Argentina',41.67,'Buenos Aires',-34.58333333,-58.666667);
INSERT INTO country VALUES('a0rDZ','America','CL','CHL','Chile',16.8,'Santiago',-33.45,-70.666667);
INSERT INTO country VALUES('NrtX0','America','PY','PRY','Paraguay',6.24,'Asuncion',-25.26666667,-57.666667);
INSERT INTO country VALUES('M1r0N','America','BO','BOL','Bolivia',9.7,'La Paz',-16.5,-68.15);
INSERT INTO country VALUES('rEFTQ','America','BR','BRA','Brazil',206.12,'Brasilia',-15.78333333,-47.916667);
INSERT INTO country VALUES('g1i-X','America','PE','PER','Peru',28.22,'Lima',-12.05,-77.05);
INSERT INTO country VALUES('O8-L1','America','EC','ECU','Ecuador',14.88,'Quito',-0.216666667,-78.5);
INSERT INTO country VALUES('FNrgi','America','CO','COL','Colombia',46.86,'Bogota',4.6,-74.083333);
INSERT INTO country VALUES('u5NZx','America','SR','SUR','Suriname',0.04,'Paramaribo',5.833333333,-55.166667);
INSERT INTO country VALUES('bKJfS','America','GY','GUY','Guyana',786.5,'Georgetown',6.8,-58.15);
INSERT INTO country VALUES('Z_BzG','America','VE','VEN','Venezuela',31.02,'Caracas',10.48333333,-66.866667);

--insert borders
INSERT INTO borders VALUES('2GfWA','O4Vnq', 'WSaGa');
INSERT INTO borders VALUES('Nlo9q','Rbh8R', 'Rbh8R');
INSERT INTO borders VALUES('Hgtqn','fW6-f', 'wz9uV'); 
INSERT INTO borders VALUES('pAT2O','fW6-f', 'I9R3Q');
INSERT INTO borders VALUES('iGoxQ','3r2fY', 'WSaGa');
INSERT INTO borders VALUES('UbkBT','3r2fY', 'GcnHN');
INSERT INTO borders VALUES('seEJ-','Qg6dM', 'GcnHN');
INSERT INTO borders VALUES('kcjwC','Qg6dM', 'wz9uV');
INSERT INTO borders VALUES('qBYac','WSaGa', 'Rbh8R');
INSERT INTO borders VALUES('r3BQ1','I9R3Q', 'FNrgi'); 
INSERT INTO borders VALUES('CnDcE','nLcHh', 'M1r0N');
INSERT INTO borders VALUES('OVIUm','nLcHh', 'rEFTQ');
INSERT INTO borders VALUES('VFoMb','nLcHh', 'a0rDZ');
INSERT INTO borders VALUES('tqITn','nLcHh', 'NrtX0');
INSERT INTO borders VALUES('NZUz7','nLcHh', 'whQUm');
INSERT INTO borders VALUES('g-Qbx','M1r0N', 'rEFTQ');
INSERT INTO borders VALUES('O8u8r','M1r0N', 'a0rDZ');
INSERT INTO borders VALUES('rrF9R','M1r0N', 'NrtX0');
INSERT INTO borders VALUES('-Idur','M1r0N', 'g1i-X');
INSERT INTO borders VALUES('Bpv-p','rEFTQ', 'FNrgi');
INSERT INTO borders VALUES('l6kqR','rEFTQ', 'bKJfS');
INSERT INTO borders VALUES('a2Qlf','rEFTQ', 'NrtX0');
INSERT INTO borders VALUES('gnuX5','rEFTQ', 'g1i-X');
INSERT INTO borders VALUES('AB0Ln','rEFTQ', 'u5NZx');
INSERT INTO borders VALUES('4clCf','rEFTQ', 'whQUm');
INSERT INTO borders VALUES('czHnD','rEFTQ', 'Z_BzG');
INSERT INTO borders VALUES('GQpnc','a0rDZ', 'g1i-X');
INSERT INTO borders VALUES('sHbhI','FNrgi', 'O8-L1');
INSERT INTO borders VALUES('iWP8c','FNrgi', 'g1i-X');
INSERT INTO borders VALUES('qkemT','FNrgi', 'Z_BzG');
INSERT INTO borders VALUES('zie20','O8-L1', 'g1i-X');
INSERT INTO borders VALUES('KIxM3','bKJfS', 'u5NZx');
INSERT INTO borders VALUES('GzVY_','bKJfS', 'Z_BzG');
INSERT INTO borders VALUES('Nj1a-','sBf9v', 'uFlKk');
INSERT INTO borders VALUES('BiPqh','sBf9v', 'aNys1');
INSERT INTO borders VALUES('toRcS','sBf9v', 'AMJKC');
INSERT INTO borders VALUES('UQVWR','sBf9v', '79ikg');
INSERT INTO borders VALUES('QGRQ6','aG_4F', 'nVT7j');
INSERT INTO borders VALUES('in0F2','aG_4F', '4u31W');
INSERT INTO borders VALUES('Hu1Oe','aG_4F', 'WaLBK');
INSERT INTO borders VALUES('FeUKE','aG_4F', '3FIw5');
INSERT INTO borders VALUES('cQGew','aG_4F', 'aRHec');
INSERT INTO borders VALUES('wOasT','aG_4F', 'DANB8');
INSERT INTO borders VALUES('uWuGn','aG_4F', 'ZYvyC');
INSERT INTO borders VALUES('QIjDX','aG_4F', '87Xju');
INSERT INTO borders VALUES('InXGD','aG_4F', '3jlAB');
INSERT INTO borders VALUES('NsC-K','qEiQN', '_4jdQ');
INSERT INTO borders VALUES('TT4Jz','qEiQN', '363KT');
INSERT INTO borders VALUES('FKZkb','nVT7j', 'wTJQT');
INSERT INTO borders VALUES('1040F','nVT7j', '-G7kh');
INSERT INTO borders VALUES('5JDGH','nVT7j', 'ah1pz');
INSERT INTO borders VALUES('XNXeb','nVT7j', '7Bohq');
INSERT INTO borders VALUES('CsigI','nVT7j', 'QDZ_x');
INSERT INTO borders VALUES('sMRvZ','nVT7j', '87Xju');
INSERT INTO borders VALUES('6Pj5I','nVT7j', '3jlAB');
INSERT INTO borders VALUES('Lcyxy','4u31W', '3FIw5');
INSERT INTO borders VALUES('xg3Q2','4u31W', 'aRHec');
INSERT INTO borders VALUES('vLfT5','4u31W', 'DANB8');
INSERT INTO borders VALUES('OXsnJ','dJuW2', 'xdTfN');
INSERT INTO borders VALUES('D4cQN','dJuW2', '0GtUw');
INSERT INTO borders VALUES('mp6UQ','dJuW2', 'ZYvyC');
INSERT INTO borders VALUES('9EK4t','dJuW2', 'ev6Q9');
INSERT INTO borders VALUES('a_YvW','dJuW2', 'LWMqv');
INSERT INTO borders VALUES('K9ewS','hsRMc', 'JgQNl');
INSERT INTO borders VALUES('aIikk','hsRMc', 'AMJKC');
INSERT INTO borders VALUES('4_kmy','hsRMc', 'hhjJd');
INSERT INTO borders VALUES('1KArG','GeHZ7', 'uFlKk');
INSERT INTO borders VALUES('JhpbY','GeHZ7', 'aNys1');
INSERT INTO borders VALUES('pFGla','GeHZ7', '1f4oA');
INSERT INTO borders VALUES('YHKY-','GeHZ7', 'hhjJd');
INSERT INTO borders VALUES('EcuxE','GeHZ7', '363KT');
INSERT INTO borders VALUES('wn1la','JgQNl', '-G7kh');
INSERT INTO borders VALUES('4m7KC','JgQNl', 'ah1pz');
INSERT INTO borders VALUES('uLWe2','JgQNl', 'AMJKC');
INSERT INTO borders VALUES('XWrLY','JgQNl', 'hhjJd');
INSERT INTO borders VALUES('W0bGH','wTJQT', 'ah1pz');
INSERT INTO borders VALUES('dvpK5','wTJQT', 'ZYvyC');
INSERT INTO borders VALUES('mZJIw','wTJQT', '87Xju');
INSERT INTO borders VALUES('1bqLq','wTJQT', 'LWMqv');
INSERT INTO borders VALUES('PydFa','-G7kh', 'ah1pz');
INSERT INTO borders VALUES('L12RP','-G7kh', '7Bohq');
INSERT INTO borders VALUES('sXjRd','paXV_', '3FIw5');
INSERT INTO borders VALUES('BTAF0','paXV_', 'VEvu7');
INSERT INTO borders VALUES('sb7RB','UOss6', 'xdTfN');
INSERT INTO borders VALUES('8M68v','UOss6', 'ev6Q9');
INSERT INTO borders VALUES('5nC_Y','3TwRO', 'X77hD');
INSERT INTO borders VALUES('2L9QY','3TwRO', 'ev6Q9');
INSERT INTO borders VALUES('s7zn0','3TwRO', 'u5hpt');
INSERT INTO borders VALUES('iUQjL','3FIw5', '7Bohq');
INSERT INTO borders VALUES('MrT3g','3FIw5', 'DANB8');
INSERT INTO borders VALUES('y9gmV','3FIw5', 'hqIwv');
INSERT INTO borders VALUES('NMJTS','3FIw5', '3jlAB');
INSERT INTO borders VALUES('ORVTS','_4jdQ', 'ev6Q9');
INSERT INTO borders VALUES('eSLxp','_4jdQ', '363KT');
INSERT INTO borders VALUES('HOWKb','uFlKk', 'aNys1');
INSERT INTO borders VALUES('yOgXv','uFlKk', '363KT');
INSERT INTO borders VALUES('nQsE3','ah1pz', '1f4oA');
INSERT INTO borders VALUES('dS-wk','ah1pz', 'hhjJd');
INSERT INTO borders VALUES('S_l6Q','ah1pz', 'LWMqv');
INSERT INTO borders VALUES('RbD3L','mS6o4', 'hiBES');
INSERT INTO borders VALUES('j6XbA','7Bohq', '3jlAB');
INSERT INTO borders VALUES('S8S84','79ikg', 'aNys1');
INSERT INTO borders VALUES('fqoC4','79ikg', 'AMJKC');
INSERT INTO borders VALUES('aEbRL','79ikg', 'hhjJd');
INSERT INTO borders VALUES('i_Qjd','xdTfN', '0GtUw');
INSERT INTO borders VALUES('Xl2in','xdTfN', 'ev6Q9');
INSERT INTO borders VALUES('Jg176','QDZ_x', '3jlAB');
INSERT INTO borders VALUES('pHZXm','0GtUw', 'ZYvyC');
INSERT INTO borders VALUES('Own-l','0GtUw', 'ev6Q9');
INSERT INTO borders VALUES('a_W8g','aNys1', 'hhjJd');
INSERT INTO borders VALUES('_XVx1','4-Dwc', '1f4oA');
INSERT INTO borders VALUES('E3u7l','4-Dwc', 'LWMqv');
INSERT INTO borders VALUES('ek1JI','X77hD', 'u5hpt');
INSERT INTO borders VALUES('X-Is7','X77hD', 'ev6Q9');
INSERT INTO borders VALUES('s5cbd','AMJKC', 'hhjJd');
INSERT INTO borders VALUES('K9jy7','ZYvyC', '87Xju');
INSERT INTO borders VALUES('XC3uj','ZYvyC', 'ev6Q9');
INSERT INTO borders VALUES('NKYfR','ZYvyC', 'LWMqv');
INSERT INTO borders VALUES('UuOFj','1f4oA', 'hhjJd');
INSERT INTO borders VALUES('N57AD','1f4oA', 'LWMqv');
INSERT INTO borders VALUES('MkFt4','ev6Q9', 'LWMqv');

--insert Ports
INSERT INTO local VALUES('1aDSv',NULL,10136,500,'Larnaca','Port','UEmC7',34.91666667,33.65);
INSERT INTO local VALUES('itU77',NULL,10138,500,'Marsaxlokk','Port','grMZQ',35.84194,14.54306);
INSERT INTO local VALUES('JrTxe',NULL,10358,500,'Aarhus','Port','WaLBK',56.15,10.21666667);
INSERT INTO local VALUES('fBGy3',NULL,10563,500,'Copenhagen','Port','WaLBK',55.7,12.61666667);
INSERT INTO local VALUES('8NnT_',NULL,10860,500,'Matarani','Port','g1i-X',-17,-72.1);
INSERT INTO local VALUES('zk9yR',NULL,11174,500,'Genoa','Port','7Bohq',44.4,8.933333333);
INSERT INTO local VALUES('u2KNk',NULL,11180,500,'Grundartangi','Port','mQ1Xl',64.3572,-21.7781);
INSERT INTO local VALUES('MUbar',NULL,11771,500,'Kaliningrad','Port','ev6Q9',54.7,20.48333333);
INSERT INTO local VALUES('YBglm',NULL,12543,500,'Gdansk','Port','ZYvyC',54.35,18.68333333);
INSERT INTO local VALUES('SxhwD',NULL,13012,500,'Leixoes','Port','VEvu7',41.18333333,-8.7);
INSERT INTO local VALUES('8506z',NULL,13176,500,'Venice','Port','7Bohq',45.43333333,12.33333333);
INSERT INTO local VALUES('Yad7p',NULL,13390,500,'Setubal','Port','VEvu7',38.5,-8.916666667);
INSERT INTO local VALUES('-T76g',NULL,14113,500,'Bahia Blanca','Port','nLcHh',-38.78333333,-62.26666667);
INSERT INTO local VALUES('9T_rG',NULL,14226,500,'Esmeraldas','Port','O8-L1',1,-79.63333333);
INSERT INTO local VALUES('6k_XJ',NULL,14277,500,'Manzanillo','Port','WSaGa',19.05,-104.3333333);
INSERT INTO local VALUES('FuENs',NULL,14459,500,'Constantza','Port','1f4oA',44.16666667,28.65);
INSERT INTO local VALUES('KuiRd',NULL,14470,500,'Galatz','Port','1f4oA',45.41666667,28.08333333);
INSERT INTO local VALUES('DChAY',NULL,14635,500,'Los Angeles','Port','-W19o',33.71666667,-118.2666667);
INSERT INTO local VALUES('NLctu',NULL,15107,500,'Cutuco','Port','GcnHN',13.33333333,-87.81666667);
INSERT INTO local VALUES('j20h_',NULL,16485,500,'Helsinki','Port','3TwRO',60.16666667,24.95);
INSERT INTO local VALUES('rk81_',NULL,16737,500,'Kotka','Port','3TwRO',60.46666667,26.95);
INSERT INTO local VALUES('PQPg7',NULL,17386,500,'Barcelona','Port','paXV_',41.33333333,2.166666667);
INSERT INTO local VALUES('u7FjQ',NULL,17941,500,'Montevideo','Port','whQUm',-34.9,-56.21666667);
INSERT INTO local VALUES('1rq7a',NULL,18012,500,'Brest','Port','3FIw5',48.4,-4.5);
INSERT INTO local VALUES('Ii3Ja',NULL,18137,500,'Batumi','Port','_4jdQ',41.65,41.63333333);
INSERT INTO local VALUES('FJ2xH',NULL,18200,500,'Vlore','Port','sBf9v',40.48333333,19.48333333);
INSERT INTO local VALUES('SAPVA',NULL,18326,500,'Dunkirk','Port','3FIw5',51.05,2.366666667);
INSERT INTO local VALUES('X9yci',NULL,18433,500,'Horta','Port','VEvu7',38.53333333,-28.61666667);
INSERT INTO local VALUES('NZqvu',NULL,18454,500,'St Petersburg','Port','ev6Q9',59.88333333,30.21666667);
INSERT INTO local VALUES('pYowx',NULL,18476,500,'Ponta Delgada','Port','VEvu7',37.73333333,-25.66666667);
INSERT INTO local VALUES('Ni7Io',NULL,18682,500,'Poti','Port','_4jdQ',42.13333333,41.65);
INSERT INTO local VALUES('hboKN',NULL,18867,500,'Tallinn','Port','UOss6',59.45,24.76666667);
INSERT INTO local VALUES('6fMi6',NULL,18937,500,'Valencia','Port','paXV_',39.45,-0.3);
INSERT INTO local VALUES('3jTeq',NULL,19057,500,'Antwerp','Port','4u31W',51.23333333,4.466666667);
INSERT INTO local VALUES('Ba3qD',NULL,19473,500,'Zeebrugge','Port','4u31W',51.33333333,3.2);
INSERT INTO local VALUES('JeH5F',NULL,20072,500,'Rostock','Port','aG_4F',54.15,12.1);
INSERT INTO local VALUES('oYDwP',NULL,20301,500,'Rio Grande','Port','rEFTQ',-32.06666667,-52.06666667);
INSERT INTO local VALUES('MdeSs',NULL,20351,500,'Salvador','Port','rEFTQ',-12.96666667,-38.51666667);
INSERT INTO local VALUES('DBdlg',NULL,20512,500,'Lysekil','Port','u5hpt',58.26666667,11.41666667);
INSERT INTO local VALUES('_cNmt',NULL,20826,500,'Bourgas','Port','GeHZ7',42.5,27.48333333);
INSERT INTO local VALUES('uZjUz',NULL,20847,500,'Varna','Port','GeHZ7',43.2,27.95);
INSERT INTO local VALUES('aHcfd',NULL,21206,500,'Stockholm','Port','u5hpt',59.33333333,18.05);
INSERT INTO local VALUES('d1h0r',NULL,21381,500,'Koper','Port','-G7kh',45.55,13.73333333);
INSERT INTO local VALUES('C35S-',NULL,21451,500,'Veracruz','Port','WSaGa',19.2,-96.13333333);
INSERT INTO local VALUES('DoOvG',NULL,21457,500,'Monaco','Port','hqIwv',43.73333333,7.45);
INSERT INTO local VALUES('Nb6mm',NULL,21556,500,'Split','Port','JgQNl',43.5,16.43333333);
INSERT INTO local VALUES('-hXiA',NULL,21852,500,'Piraeus','Port','uFlKk',37.95,23.63333333);
INSERT INTO local VALUES('5Fa-o',NULL,21863,500,'Aspropyrgos','Port','uFlKk',38.03333333,23.58333333);
INSERT INTO local VALUES('Vt9N-',NULL,22226,500,'Halifax','Port','Rbh8R',44.65,-63.56666667);
INSERT INTO local VALUES('g2VHm',NULL,22522,500,'Mersin','Port','363KT',36.76666667,34.65);
INSERT INTO local VALUES('7e_Kr',NULL,22770,500,'Piran','Port','-G7kh',45.51666667,13.6);
INSERT INTO local VALUES('Kl44d',NULL,23247,500,'Vlissingen','Port','aRHec',51.45,3.6);
INSERT INTO local VALUES('Fgkag',NULL,23428,500,'Funchal','Port','VEvu7',32.65,-16.91666667);
INSERT INTO local VALUES('d3BF3',NULL,24795,500,'Izola','Port','-G7kh',45.51666667,13.68333333);
INSERT INTO local VALUES('DlibK',NULL,24951,500,'Rijeka','Port','JgQNl',45.31666667,14.43333333);
INSERT INTO local VALUES('FJOG5',NULL,25007,500,'New Jersey','Port','-W19o',40.66666667,-74.16666667);
INSERT INTO local VALUES('u7fQ4',NULL,25350,500,'Vancouver','Port','Rbh8R',49.28333333,-123.1166667);
INSERT INTO local VALUES('U9EEl',NULL,26147,500,'Bergen','Port','X77hD',60.38333333,5.3);
INSERT INTO local VALUES('jCO49',NULL,26670,500,'Buenos Aires','Port','nLcHh',-34.56666667,-58.38333333);
INSERT INTO local VALUES('meN4s',NULL,27248,500,'Santos','Port','rEFTQ',-23.93333333,-46.31666667);
INSERT INTO local VALUES('InwIs',NULL,27728,500,'Narvik','Port','X77hD',68.41666667,17.41666667);
INSERT INTO local VALUES('AhVoT',NULL,27792,500,'San Vicente','Port','a0rDZ',-36.73333333,-73.15);
INSERT INTO local VALUES('rCLbB',NULL,28082,500,'Valparaiso','Port','a0rDZ',-33.01666667,-71.63333333);
INSERT INTO local VALUES('q6lLA',NULL,28261,500,'Buenaventura','Port','FNrgi',3.916666667,-77.05);
INSERT INTO local VALUES('EpJWv',NULL,28313,500,'Cartagena','Port','FNrgi',10.41666667,-75.53333333);
INSERT INTO local VALUES('Aadcl',NULL,28781,500,'Puerto Limon','Port','fW6-f',10,-83.01666667);
INSERT INTO local VALUES('xIg0h',NULL,29002,500,'Liverpool','Port','hiBES',53.46666667,-3.033333333);
INSERT INTO local VALUES('Ce78d',NULL,29239,500,'London','Port','hiBES',51.5,-0.066666667);
INSERT INTO local VALUES('qDzwW',NULL,29749,500,'Dublin','Port','mS6o4',53.35,-6.266666667);
INSERT INTO local VALUES('KEiKY',NULL,29876,500,'Guayaquil','Port','O8-L1',-2.266666667,-79.9);
INSERT INTO local VALUES('z_Y_3',NULL,29973,500,'Puerto Quetzal','Port','3r2fY',13.91666667,-90.78333333);
INSERT INTO local VALUES('x7Ai0',NULL,30045,500,'Callao','Port','7Bohq',-12.05,-77.16666667);
INSERT INTO local VALUES('1jqDk',NULL,213737,500,'Feodosia','Port','LWMqv',45.01666667,35.38333333);
INSERT INTO local VALUES('SwOHU',NULL,216592,500,'Cristobal','Port','I9R3Q',9.35,-79.91666667);
INSERT INTO local VALUES('SjWlC',NULL,216593,500,'Balboa','Port','I9R3Q',8.966666667,-79.56666667);
INSERT INTO local VALUES('mcO6q',NULL,224858,500,'Hamburg','Port','aG_4F',53.55,9.983333333);
INSERT INTO local VALUES('k_3-0',NULL,228264,500,'Vlone','Port','sBf9v',40.48333333,19.48333333);
INSERT INTO local VALUES('sKXQ7',NULL,246265,500,'Ambarli','Port','363KT',40.98333333,28.53333333);

--insert Warehouses
INSERT INTO local VALUES('lXrYc','1aDSv',230,500,'Larnaca','Warehouse','UEmC7',33.91666667,32.65);
INSERT INTO local VALUES('2lpZB','1aDSv',231,500,'Larnaca','Warehouse','UEmC7',31.91666667,34.65);
INSERT INTO local VALUES('qWYhr','itU77',232,500,'Marsaxlokk','Warehouse','grMZQ',36.84194,11.54306);
INSERT INTO local VALUES('-98sY','itU77',233,500,'Marsaxlokk','Warehouse','grMZQ',34.84194,13.54306);
INSERT INTO local VALUES('2gt5u','JrTxe',234,500,'Aarhus','Warehouse','WaLBK',52.15,11.21666667);
INSERT INTO local VALUES('Yf9F8','JrTxe',235,500,'Aarhus','Warehouse','WaLBK',54.15,9.21666667);
INSERT INTO local VALUES('3f9gb','fBGy3',236,500,'Copenhagen','Warehouse','WaLBK',52.7,14.61666667);
INSERT INTO local VALUES('KBb-l','fBGy3',237,500,'Copenhagen','Warehouse','WaLBK',51.7,12.61666667);
INSERT INTO local VALUES('mWYQx','8NnT_',238,500,'Matarani','Warehouse','g1i-X',-18,-73.1);
INSERT INTO local VALUES('5m8vs','zk9yR',239,500,'Genoa','Warehouse','7Bohq',42.4,9.4);
INSERT INTO local VALUES('AuaOE','u2KNk',241,500,'Grundartangi','Warehouse','mQ1Xl',63.3572,-22.7781);
INSERT INTO local VALUES('EsAuI','MUbar',242,500,'Kaliningrad','Warehouse','ev6Q9',53.7,22.48333333);
INSERT INTO local VALUES('kPH48','YBglm',243,500,'Gdansk','Warehouse','ZYvyC',41.183,-8.67977);
INSERT INTO local VALUES('jdQS2','SxhwD',244,500,'Leixoes','Warehouse','VEvu7',44.18333333,-9.7);
INSERT INTO local VALUES('f4x6u','8506z',245,500,'Venice','Warehouse','7Bohq',43.43333333,14.33333333);
INSERT INTO local VALUES('p2RUW','Yad7p',246,500,'Setubal','Warehouse','VEvu7',41.1524,-8.71024);
INSERT INTO local VALUES('5fsqY','-T76g',247,500,'Bahia Blanca','Warehouse','nLcHh',2,-77.66);
INSERT INTO local VALUES('R8eRN','9T_rG',248,500,'Esmeraldas','Warehouse','O8-L1',40.7424, -8.85362);
INSERT INTO local VALUES('7P_of','6k_XJ',249,500,'Manzanillo','Warehouse','WSaGa',20.05,-105.3333333);
INSERT INTO local VALUES('b8Zl2','FuENs',250,500,'Constantza','Warehouse','1f4oA',43.16666667,29.65);
INSERT INTO local VALUES('Hdx2z','KuiRd',251,500,'Galatz','Warehouse','1f4oA',43.41666667,25.08333333);
INSERT INTO local VALUES('mfvYj','DChAY',252,500,'Los Angeles','Warehouse','-W19o',34.71666667,-119.2666667);
INSERT INTO local VALUES('dW-nH','NLctu',253,500,'Cutuco','Warehouse','GcnHN',14.33333333,-86.81666667);
INSERT INTO local VALUES('zs9iB','j20h_',254,500,'Helsinki','Warehouse','3TwRO',61.16666667,25.95);
INSERT INTO local VALUES('ioK2s','rk81_',255,500,'Kotka','Warehouse','3TwRO',61.46666667,27.95);
INSERT INTO local VALUES('5Ee4W','PQPg7',256,500,'Barcelona','Warehouse','paXV_',41.3879,2.16992);
INSERT INTO local VALUES('GStd0','u7FjQ',257,500,'Montevideo','Warehouse','whQUm',-35.9,-53.21666667);
INSERT INTO local VALUES('AxD3K','1rq7a',258,500,'Brest','Warehouse','3FIw5',46.4,-3.5);
INSERT INTO local VALUES('AH51-','Ii3Ja',259,500,'Batumi','Warehouse','_4jdQ',42.65,43.63333333);
INSERT INTO local VALUES('FGFK0','FJ2xH',260,500,'Vlore','Warehouse','sBf9v',43.48333333,18.48333333);
INSERT INTO local VALUES('TkR0y','SAPVA',261,500,'Dunkirk','Warehouse','3FIw5',52.05,2.466666667);
INSERT INTO local VALUES('fHjyI','X9yci',262,500,'Horta','Warehouse','VEvu7',39.53333333,-27.61666667);
INSERT INTO local VALUES('zmCcd','NZqvu',263,500,'St Petersburg','Warehouse','ev6Q9',58.88333333,31.21666667);
INSERT INTO local VALUES('VSi9c','pYowx',264,500,'Ponta Delgada','Warehouse','VEvu7',38.73333333,-26.66666667);
INSERT INTO local VALUES('VvmDN','Ni7Io',265,500,'Poti','Warehouse','_4jdQ',44.13333333,42.65);
INSERT INTO local VALUES('dafk0','hboKN',266,500,'Tallinn','Warehouse','UOss6',58.45,25.76666667);
INSERT INTO local VALUES('4rsX1','6fMi6',267,500,'Valencia','Warehouse','paXV_',38.45,-1.3);
INSERT INTO local VALUES('xqMlt','3jTeq',268,500,'Antwerp','Warehouse','4u31W',52.23333333,5.466666667);
INSERT INTO local VALUES('ezLmG','Ba3qD',269,500,'Zeebrugge','Warehouse','4u31W',53.33333333,4.2);
INSERT INTO local VALUES('Sjajk','JeH5F',270,500,'Rostock','Warehouse','aG_4F',53.15,14.1);
INSERT INTO local VALUES('q6PiR','oYDwP',271,500,'Rio Grande','Warehouse','rEFTQ',-34.06666667,-53.06666667);
INSERT INTO local VALUES('1k-Z8','MdeSs',272,500,'Salvador','Warehouse','rEFTQ',-13.96666667,-37.51666667);
INSERT INTO local VALUES('VT3a5','DBdlg',273,500,'Lysekil','Warehouse','u5hpt',57.26666667,12.41666667);
INSERT INTO local VALUES('SVtBe','_cNmt',274,500,'Bourgas','Warehouse','GeHZ7',43.5,28.48333333);
INSERT INTO local VALUES('hO8fc','uZjUz',275,500,'Varna','Warehouse','GeHZ7',44.2,26.95);
INSERT INTO local VALUES('h8BfT','aHcfd',276,500,'Stockholm','Warehouse','u5hpt',58.33333333,19.05);
INSERT INTO local VALUES('lqss5','d1h0r',277,500,'Koper','Warehouse','-G7kh',46.55,14.73333333);
INSERT INTO local VALUES('U80XM','C35S-',278,500,'Veracruz','Warehouse','WSaGa',20.2,-94.13333333);
INSERT INTO local VALUES('WKBf8','DoOvG',279,500,'Monaco','Warehouse','hqIwv',44.73333333,8.45);
INSERT INTO local VALUES('3WPuk','Nb6mm',280,500,'Split','Warehouse','JgQNl',44.5,17.43333333);
INSERT INTO local VALUES('55Z8-','-hXiA',281,500,'Piraeus','Warehouse','uFlKk',38.95,24.63333333);
INSERT INTO local VALUES('qst7w','5Fa-o',282,500,'Aspropyrgos','Warehouse','uFlKk',39.03333333,22.58333333);
INSERT INTO local VALUES('TYq1H','Vt9N-',283,500,'Halifax','Warehouse','Rbh8R',43.65,-64.56666667);
INSERT INTO local VALUES('OnllI','g2VHm',284,500,'Mersin','Warehouse','363KT',37.76666667,35.65);
INSERT INTO local VALUES('N-K8i','7e_Kr',285,500,'Piran','Warehouse','-G7kh',44.51666667,12.6);
INSERT INTO local VALUES('cFeBc','Kl44d',286,500,'Vlissingen','Warehouse','aRHec',53.45,4.6);
INSERT INTO local VALUES('jozzB','Fgkag',287,500,'Funchal','Warehouse','VEvu7',33.65,-17.91666667);
INSERT INTO local VALUES('06KUz','d3BF3',288,500,'Izola','Warehouse','-G7kh',46.51666667,12.68333333);
INSERT INTO local VALUES('oNhYg','DlibK',289,500,'Rijeka','Warehouse','JgQNl',45.31666667,14.43333333);
INSERT INTO local VALUES('Xjf-i','FJOG5',290,500,'New Jersey','Warehouse','-W19o',41.66666667,-75.16666667);
INSERT INTO local VALUES('2qfSL','u7fQ4',291,500,'Vancouver','Warehouse','Rbh8R',48.28333333,-122.1166667);
INSERT INTO local VALUES('Uw2Mz','U9EEl',292,500,'Bergen','Warehouse','X77hD',61.38333333,6.3);
INSERT INTO local VALUES('QdxvG','jCO49',293,500,'Buenos Aires','Warehouse','nLcHh',-35.56666667,-57.38333333);
INSERT INTO local VALUES('kUL0b','meN4s',294,500,'Santos','Warehouse','rEFTQ',-24.93333333,-45.31666667);
INSERT INTO local VALUES('GD9Ew','InwIs',295,500,'Narvik','Warehouse','X77hD',67.41666667,18.41666667);
INSERT INTO local VALUES('Qucin','AhVoT',296,500,'San Vicente','Warehouse','a0rDZ',-35.73333333,-72.15);
INSERT INTO local VALUES('IjBZu','rCLbB',297,500,'Valparaiso','Warehouse','a0rDZ',-32.01666667,-73.63333333);
INSERT INTO local VALUES('OTY1t','q6lLA',298,500,'Buenaventura','Warehouse','FNrgi',4.916666667,-76.05);
INSERT INTO local VALUES('MfIq2','EpJWv',299,500,'Cartagena','Warehouse','FNrgi',11.41666667,-76.53333333);
INSERT INTO local VALUES('adX39','Aadcl',300,500,'Puerto Limon','Warehouse','fW6-f',11,-82.01666667);
INSERT INTO local VALUES('26uEf','xIg0h',301,500,'Liverpool','Warehouse','hiBES',52.46666667,-4.033333333);
INSERT INTO local VALUES('bbSv0','Ce78d',302,500,'London','Warehouse','hiBES',52.5,-1.066666667);
INSERT INTO local VALUES('OeqPk','qDzwW',303,500,'Dublin','Warehouse','mS6o4',52.35,-7.266666667);
INSERT INTO local VALUES('3pM9b','KEiKY',304,500,'Guayaquil','Warehouse','O8-L1',-3.266666667,-78.9);
INSERT INTO local VALUES('v8AK6','z_Y_3',305,500,'Puerto Quetzal','Warehouse','3r2fY',14.91666667,-92.78333333);
INSERT INTO local VALUES('fr0K_','x7Ai0',306,500,'Callao','Warehouse','g1i-X',-13.05,-76.16666667);
INSERT INTO local VALUES('FARn2','1jqDk',307,500,'Feodosia','Warehouse','LWMqv',44.01666667,36.38333333);
INSERT INTO local VALUES('BL_7h','SwOHU',308,500,'Cristobal','Warehouse','I9R3Q',10.35,-78.91666667);
INSERT INTO local VALUES('8Ds2K','SjWlC',309,500,'Balboa','Warehouse','I9R3Q',9.966666667,-78.56666667);
INSERT INTO local VALUES('AyWut','mcO6q',310,500,'Hamburg','Warehouse','aG_4F',52.55,10.983333333);
INSERT INTO local VALUES('NrTq1','k_3-0',311,500,'Vlone','Warehouse','sBf9v',41.48333333,18.48333333);
INSERT INTO local VALUES('g4ghp','sKXQ7',312,500,'Ambarli','Warehouse','363KT',41.98333333,27.53333333);

--insert truck
begin 
    insertTruck('BVzdz','99-BC-47');
    insertTruck('h28cF','40-AV-36');
    insertTruck('TEdm3','99-FB-27');
    insertTruck('ghovB','59-ER-44');
end;
/

--insert positionData
INSERT INTO position_data VALUES('PPAWq','0B0-X_rZctTr1-LtowOZ',(timestamp '2022-01-30 21:22:23'),40.143347,-8.65362,35,140,200,50,'Class A');
INSERT INTO position_data VALUES('hP_g6','5YXolNZ43TI7Hhtt_h0X',(timestamp '2022-02-7 22:30:30'),37.683661,-24.50362,35,300,150,50,'Class A');
INSERT INTO position_data VALUES('g6Bfv','0MUJFQmAlD0kV6F8xfU0',(timestamp '2022-01-30 21:22:23'),40.57124,-8.65362,35,140,200,50,'Class A');
INSERT INTO position_data VALUES('EBsh6','jy2MbBkDJ6sT2RxhDYww',(timestamp '2022-01-12 18:40:23'),39.15478,-25.65362,45,200,90,50,'Class A');
INSERT INTO position_data VALUES('3En7W','LAF_HpVZZ5_ANVtRTW28',(timestamp '2022-01-30 21:22:23'),40.6412,-8.65362,35,140,300,50,'Class A');
INSERT INTO position_data VALUES('ruE3h','nVv8-NcoXPK6tuGfIC8Y',(timestamp '2022-02-28 13:22:00'),35.6412,-20.65362,35,200,80,50,'Class A');
INSERT INTO position_data VALUES('jMgJS','1syEcMP4jEsLZYM9HKze',(timestamp '2022-01-29 21:22:23'),26.6412,-8.65362,35,140,200,50,'Class A');
INSERT INTO position_data VALUES('TNDDp','Bup3Hw0eOATvZoI1iyRs',(timestamp '2022-02-12 02:22:23'),89.2512,-30.65362,35,140,200,50,'Class A');
INSERT INTO position_data VALUES('yPc4R','46vb3x7u8lxZ4sXpS3zx',(timestamp '2022-02-16 02:22:23'),25.2512,-30.65362,35,140,200,50,'Class B');
INSERT INTO position_data VALUES('nS4W5','_B-UICN-kFwe3ZTFrGjX',(timestamp '2022-02-17 02:22:23'),31.2512,-30.65362,35,140,200,50,'Class B');

--insert leasing
INSERT INTO leasing VALUES('ezth6h-7ULNmKz7OpNiH','4nTLI','dz-eA',(timestamp '2022-01-3 09:12:33'),(timestamp '2022-01-3 23:15:00'));
INSERT INTO leasing VALUES('Yb4hGQFT4EaOp4rFpGZ7','Vv1LP','1Hfbv',(timestamp '2022-01-4 09:10:00'),(timestamp '2022-01-5 22:20:34'));
INSERT INTO leasing VALUES('ar6HZYGhJktNgePMgLt-','48osR','1LFRX',(timestamp '2022-01-6 22:00:05'),(timestamp '2022-01-7 12:22:28'));


--insert cargoManifest
INSERT INTO cargo_manifest VALUES('BaXnse5UhhzjjQsF6aT2','0MUJFQmAlD0kV6F8xfU0','itU77',NULL,(timestamp '2021-12-2 22:15:00'),'Unload');

INSERT INTO cargo_manifest VALUES('IlcRr2iZV419Bln-MxAB','0MUJFQmAlD0kV6F8xfU0','1aDSv','itU77',(timestamp '2022-01-3 09:12:11'),'Load');
INSERT INTO cargo_manifest VALUES('BaXnse5UhhzjjQhF6aT2','0MUJFQmAlD0kV6F8xfU0','itU77',NULL,(timestamp '2022-01-3 23:15:12'),'Unload');
INSERT INTO cargo_manifest VALUES('M-uUOEzKon14b4AQjs1v','0MUJFQmAlD0kV6F8xfU0','itU77','JrTxe',(timestamp '2022-01-4 09:31:22'),'Load');
INSERT INTO cargo_manifest VALUES('Oe5-RqbucldBr2m--xLy','0MUJFQmAlD0kV6F8xfU0','JrTxe',NULL,(timestamp '2022-01-5 22:20:12'),'Unload');
INSERT INTO cargo_manifest VALUES('jMFCBj0UJbMlk0LarFH_','0B0-X_rZctTr1-LtowOZ','itU77','JrTxe',(timestamp '2022-01-6 22:01:22'),'Load');
INSERT INTO cargo_manifest VALUES('xqLF9p8hGekONv8iJWV_','0B0-X_rZctTr1-LtowOZ','JrTxe',NULL,(timestamp '2022-01-7 12:22:31'),'Unload');
INSERT INTO cargo_manifest VALUES('voy6Zhvze_E9MabkULKB','0B0-X_rZctTr1-LtowOZ','JrTxe','itU77',(timestamp '2022-01-7 22:12:43'),'Load');
INSERT INTO cargo_manifest VALUES('NtrYuSUEHwqZ2wd9Wl-g','5YXolNZ43TI7Hhtt_h0X','itU77','fBGy3',(timestamp '2022-01-3 05:05:54'),'Load');
INSERT INTO cargo_manifest VALUES('NtrYuSUEHwqZ2wd9Wl2g','5YXolNZ43TI7Hhtt_h0X','fBGy3',NULL,(timestamp '2022-01-4 05:05:23'),'Unload');
INSERT INTO cargo_manifest VALUES('fiQdXDC78HO40kl4vf65','5YXolNZ43TI7Hhtt_h0X','fBGy3','u2KNk',(timestamp '2022-01-5 22:02:22'),'Load');
INSERT INTO cargo_manifest VALUES('fiQdXDC78HO40kl4vf45','5YXolNZ43TI7Hhtt_h0X','u2KNk',NULL,(timestamp '2022-01-6 22:02:26'),'Unload');
INSERT INTO cargo_manifest VALUES('QN_eJ3vePdLeQqZ014Sj','jy2MbBkDJ6sT2RxhDYww','MUbar','YBglm',(timestamp '2022-01-3 21:42:18'),'Load');
INSERT INTO cargo_manifest VALUES('QN_eJ3vePdLeQqZ014Gj','jy2MbBkDJ6sT2RxhDYww','YBglm',Null,(timestamp '2022-01-4 21:42:19'),'Unload');
INSERT INTO cargo_manifest VALUES('LjvYwMh5FYfvMRmqrFk0','jy2MbBkDJ6sT2RxhDYww','YBglm','Yad7p',(timestamp '2022-01-5 22:20:37'),'Load');
INSERT INTO cargo_manifest VALUES('QgHfTyo1kcXidJv8EUwx','LAF_HpVZZ5_ANVtRTW28','itU77','JrTxe',(timestamp '2022-01-3 10:03:24'),'Load');
INSERT INTO cargo_manifest VALUES('bxRptNAIdVGl_E5O31aV','nVv8-NcoXPK6tuGfIC8Y','SxhwD','Yad7p',(timestamp '2022-01-3 22:02:26'),'Load');
INSERT INTO cargo_manifest VALUES('JqKqKyfksplIneDYFZlM','1syEcMP4jEsLZYM9HKze','MUbar','itU77',(timestamp '2022-01-3 22:02:01'),'Load');
INSERT INTO cargo_manifest VALUES('W1YIbAGr8cFDH9Q0_m0a','Bup3Hw0eOATvZoI1iyRs','JrTxe','fBGy3',(timestamp '2022-01-3 22:02:10'),'Load');

--insert operation
INSERT INTO operation VALUES ('ROaj7nM4j1BG_xJ4pD5M','_F2Th','BaXnse5UhhzjjQsF6aT2','qWYhr',0,0,0);
INSERT INTO operation VALUES ('ROdj7nM4j1BG_xJ4pD5M','_NiME','BaXnse5UhhzjjQsF6aT2','qWYhr',0,0,0);
INSERT INTO operation VALUES ('ROcj7nM4j1BG_xJ4pD5M','04D9w','BaXnse5UhhzjjQsF6aT2','qWYhr',0,0,0);
INSERT INTO operation VALUES ('ROnj7nM4j1BG_xJ4pD5M','1LFRX','BaXnse5UhhzjjQsF6aT2','qWYhr',0,0,0);
INSERT INTO operation VALUES ('SO5dyU2s-OLJqkSdB_4y','1LFRX','xqLF9p8hGekONv8iJWV_','Yf9F8',2,1,0);
INSERT INTO operation VALUES ('P67QXg82AZ7i7tb_AMKm','bKORg','W1YIbAGr8cFDH9Q0_m0a','Yf9F8',0,0,0);
INSERT INTO operation VALUES ('FLoMLd0ESmShxGVpUgbc','dz-eA','QN_eJ3vePdLeQqZ014Sj','EsAuI',1,1,1);
INSERT INTO operation VALUES ('QhtIYLOAQxJdenQpbQfY','eHt0V','QN_eJ3vePdLeQqZ014Sj','EsAuI',1,1,0);
INSERT INTO operation VALUES ('Cgf05jTUW_rAqvNO8VpA','dz-eA','QN_eJ3vePdLeQqZ014Gj','kPH48',0,0,0);
INSERT INTO operation VALUES ('q29DKcuD5vQhD4Ya8iHN','eHt0V','QN_eJ3vePdLeQqZ014Gj','kPH48',0,0,0);
INSERT INTO operation VALUES ('vfTZPbXKakwxx5WyRZRO','asOoK','QgHfTyo1kcXidJv8EUwx','qWYhr',1,1,1);
INSERT INTO operation VALUES ('cf9_POeecAzWcm8bgCNa','_F2Th','Oe5-RqbucldBr2m--xLy','Yf9F8',0,0,0);
INSERT INTO operation VALUES ('lsfpbK45b9Cqc-HYnvhu','_NiME','Oe5-RqbucldBr2m--xLy','2gt5u',0,0,0);
INSERT INTO operation VALUES ('sSfAnPyak2fXWH3KQ-95','04D9w','Oe5-RqbucldBr2m--xLy','2gt5u',0,0,0);
INSERT INTO operation VALUES ('OYiSU9-04QPSxcXtn1oL','1WSt0','NtrYuSUEHwqZ2wd9Wl-g','qWYhr',1,0,0);
INSERT INTO operation VALUES ('NrrrAqDds3WvHU-qNHiL','1WSt0','NtrYuSUEHwqZ2wd9Wl2g','3f9gb',0,0,0);
INSERT INTO operation VALUES ('qQHGuNm-FlFp5Dc6CL-b','_F2Th','M-uUOEzKon14b4AQjs1v','qWYhr',1,0,0);
INSERT INTO operation VALUES ('pVi3F2mWs-t6Pu6AiGzd','_NiME','M-uUOEzKon14b4AQjs1v','qWYhr',2,0,0);
INSERT INTO operation VALUES ('lljpBQh4hcXkHFHJCILK','04D9w','M-uUOEzKon14b4AQjs1v','qWYhr',1,1,2);
INSERT INTO operation VALUES ('5ay5AZA03O9cPDfPPPHp','4pDhn','LjvYwMh5FYfvMRmqrFk0','kPH48',2,1,2);
INSERT INTO operation VALUES ('Meu2P-E_raYDN4eMnisz','53wj7','LjvYwMh5FYfvMRmqrFk0','kPH48',0,0,0);
INSERT INTO operation VALUES ('BWzstIZGzX8KjiQYh-18','bF8uF','JqKqKyfksplIneDYFZlM','EsAuI',2,1,1);
INSERT INTO operation VALUES ('LnVEuIrMFF4EKCF6fkvS','1LFRX','jMFCBj0UJbMlk0LarFH_','qWYhr',2,1,0);
INSERT INTO operation VALUES ('3cvT5paZIB1NUZWzdr9b','1Hfbv','IlcRr2iZV419Bln-MxAB','lXrYc',1,1,1);
INSERT INTO operation VALUES ('RBCPf-5OPy3knET-ospj','4JAVW','fiQdXDC78HO40kl4vf65','KBb-l',1,1,1);
INSERT INTO operation VALUES ('xBPAgIPdS1gvHkw8I5qe','4JAVW','fiQdXDC78HO40kl4vf45','AuaOE',0,0,0);
INSERT INTO operation VALUES ('qgFCJI_61ZZpN7jO9pEy','aTdq6','bxRptNAIdVGl_E5O31aV','jdQS2',2,1,1);
INSERT INTO operation VALUES ('ROsj7nM4j1BG_xJ4pD5M','1Hfbv','BaXnse5UhhzjjQhF6aT2','qWYhr',1,1,1);